{"cameraMode":{"drawMode":0,"name":"Shaded","section":"Shading Mode"},"sceneLighting":true,"audioPlay":false,"sceneViewState":{"m_AlwaysRefresh":false,"showFog":true,"showSkybox":true,"showFlares":true,"showImageEffects":false,"showParticleSystems":true,"showVisualEffectGraphs":true,"m_FxEnabled":true},"in2DMode":false,"pivot":{"x":69.7679672241211,"y":7.710485935211182,"z":-25.273277282714845},"rotation":{"x":0.002018688479438424,"y":0.6291828155517578,"z":-0.0018044543685391546,"w":0.7773664593696594},"size":28.70033836364746,"orthographic":false}